[{
	"ID": "0",
	"Country": "DE",
	"Product": "PC Power Station",
	"ProductId": "01000",
	"TotalSales_CURRENCY": "EUR",
	"TotalSalesForecast_CURRENCY": "USD",
	"TotalSales": 41150,
	"TotalSalesForecast": "6000",
	"OverallSales": "34273",
	"Land1": "DE",
	"CountryCode": "DE",
	"Revenue": 2000,
	"Campaign": "Email",
	"MarketingSpend": 3790,
	"Status": "0"
}, {
	"ID": "1",
	"Country": "DE",
	"Product": "ITelO FlexTop I9100",
	"ProductId": "01001",
	"TotalSales_CURRENCY": "EUR",
	"TotalSalesForecast_CURRENCY": "USD",
	"TotalSales": 22200,
	"TotalSalesForecast": "2000",
	"OverallSales": "34273",
	"Land1": "DE",
	"CountryCode": "IN",
	"Revenue": 2456,
	"Campaign": "Phone call",
	"MarketingSpend": 2499,
	"Status": "1"
}, {
	"ID": "2",
	"Country": "DE",
	"Product": "Portable DVD Player with 9 LCD Monitor",
	"ProductId": "01002",
	"TotalSales_CURRENCY": "EUR",
	"TotalSalesForecast_CURRENCY": "USD",
	"TotalSales": 22100,
	"TotalSalesForecast": "2300",
	"OverallSales": "34273",
	"Land1": "DE",
	"CountryCode": "DE",
	"Revenue": 6234,
	"Campaign": "TV Ads",
	"MarketingSpend": 6500,
	"Status": "2"
}, {
	"ID": "3",
	"Country": "DE",
	"Product": "Silverberry",
	"ProductId": "01004",
	"TotalSales_CURRENCY": "EUR",
	"TotalSalesForecast_CURRENCY": "USD",
	"TotalSales": 72685,
	"TotalSalesForecast": "10000",
	"OverallSales": "34273",
	"Land1": "DE",
	"CountryCode": "US",
	"Revenue": 5345,
	"Campaign": "Social Media",
	"MarketingSpend": 7000,
	"Status": "3"
}, {
	"ID": "4",
	"Country": "DE",
	"Product": "Laser Professional Eco",
	"ProductId": "01006",
	"TotalSales_CURRENCY": "EUR",
	"TotalSalesForecast_CURRENCY": "USD",
	"TotalSales": 42950,
	"TotalSalesForecast": "3000",
	"OverallSales": "34273",
	"Land1": "DE",
	"CountryCode": "DE",
	"Revenue": 7356,
	"Campaign": "Road Show/Events",
	"MarketingSpend": 10000,
	"Status": "0"
}, {
	"ID": "5",
	"Country": "DE",
	"Product": "Easy Hand III",
	"ProductId": "01007",
	"TotalSales_CURRENCY": "EUR",
	"TotalSalesForecast_CURRENCY": "USD",
	"TotalSales": 22000,
	"TotalSalesForecast": "2700",
	"OverallSales": "34273",
	"Land1": "DE",
	"CountryCode": "DE",
	"Revenue": 3235,
	"Campaign": "Print Ads",
	"MarketingSpend": 5000,
	"Status": "1"
}, {
	"ID": "6",
	"Country": "DE",
	"Product": "10 Portable DVD player",
	"ProductId": "01008",
	"TotalSales_CURRENCY": "EUR",
	"TotalSalesForecast_CURRENCY": "USD",
	"TotalSales": 52950,
	"TotalSalesForecast": "7500",
	"OverallSales": "34273",
	"Land1": "DE",
	"CountryCode": "DE",
	"Revenue": 14000,
	"Campaign": "Google",
	"MarketingSpend": 8000,
	"Status": "2"
}]