<edmx:Edmx xmlns:edmx="http://docs.oasis-open.org/odata/ns/edmx" Version="4.0">
	<edmx:Reference Uri="https://oasis-tcs.github.io/odata-vocabularies/vocabularies/Org.OData.Aggregation.V1.xml">
		<edmx:Include Alias="Aggregation" Namespace="Org.OData.Aggregation.V1"/>
	</edmx:Reference>
	<edmx:Reference Uri="https://oasis-tcs.github.io/odata-vocabularies/vocabularies/Org.OData.Authorization.V1.xml">
		<edmx:Include Alias="Auth" Namespace="Org.OData.Authorization.V1"/>
	</edmx:Reference>
	<edmx:Reference Uri="https://oasis-tcs.github.io/odata-vocabularies/vocabularies/Org.OData.Capabilities.V1.xml">
		<edmx:Include Alias="Capabilities" Namespace="Org.OData.Capabilities.V1"/>
	</edmx:Reference>
	<edmx:Reference Uri="https://wiki.scn.sap.com/wiki/download/attachments/448470974/Common.xml?api=v2">
		<edmx:Include Alias="Common" Namespace="com.sap.vocabularies.Common.v1"/>
	</edmx:Reference>
	<edmx:Reference Uri="https://wiki.scn.sap.com/wiki/download/attachments/448470971/Communication.xml?api=v2">
		<edmx:Include Alias="Communication" Namespace="com.sap.vocabularies.Communication.v1"/>
	</edmx:Reference>
	<edmx:Reference Uri="https://oasis-tcs.github.io/odata-vocabularies/vocabularies/Org.OData.Core.V1.xml">
		<edmx:Include Alias="Core" Namespace="Org.OData.Core.V1"/>
	</edmx:Reference>
	<edmx:Reference Uri="https://oasis-tcs.github.io/odata-vocabularies/vocabularies/Org.OData.Measures.V1.xml">
		<edmx:Include Alias="Measures" Namespace="Org.OData.Measures.V1"/>
	</edmx:Reference>
	<edmx:Reference Uri="https://wiki.scn.sap.com/wiki/download/attachments/448470968/UI.xml?api=v2">
		<edmx:Include Alias="UI" Namespace="com.sap.vocabularies.UI.v1"/>
	</edmx:Reference>
	<edmx:Reference Uri="https://oasis-tcs.github.io/odata-vocabularies/vocabularies/Org.OData.Validation.V1.xml">
		<edmx:Include Alias="Validation" Namespace="Org.OData.Validation.V1"/>
	</edmx:Reference>
	<edmx:DataServices>
		<Schema xmlns="http://docs.oasis-open.org/odata/ns/edm">
			<Annotations Target="GWSAMPLE_BASIC.GlobalFilters">
				<Annotation Term="UI.SelectionFields">
					<Collection>
						<PropertyPath>CountryCode</PropertyPath>
						<PropertyPath>SupplierName</PropertyPath>
					</Collection>
				</Annotation>
			</Annotations>
			<Annotations Target="GWSAMPLE_BASIC.GlobalFilters/CountryCode">
				<Annotation Term="Common.ValueList">
					<Record Type="Common.ValueListType">
						<PropertyValue Property="CollectionPath" String="VH_CountrySet"/>
						<PropertyValue Property="Parameters">
							<Collection>
								<Record Type="Common.ValueListParameterInOut">
									<PropertyValue Property="LocalDataProperty" PropertyPath="CountryCode"/>
									<PropertyValue Property="ValueListProperty" String="CountryCode"/>
								</Record>
								<Record Type="Common.ValueListParameterDisplayOnly">
									<PropertyValue Property="ValueListProperty" String="CountryName"/>
								</Record>
							</Collection>
						</PropertyValue>
						<PropertyValue Property="SearchSupported" Bool="true"/>
					</Record>
				</Annotation>
			</Annotations>
			<Annotations Target="GWSAMPLE_BASIC.VH_Country/CountryCode">
				<Annotation Term="Common.Text" Path="CountryName">
					<Annotation Term="UI.TextArrangement" EnumMember="UI.TextArrangementType/TextFirst"/>
				</Annotation>
			</Annotations>
			<Annotations Target="GWSAMPLE_BASIC.Product">
				<Annotation Term="UI.LineItem">
					<Collection>
						<Record Type="UI.DataField">
							<PropertyValue Property="Value" Path="ProductID"/>
							<PropertyValue Property="Label" String="Product ID"/>
						</Record>
						<Record Type="UI.DataField">
							<PropertyValue Property="Value" Path="Name"/>
							<PropertyValue Property="Label" String="Product Name"/>
						</Record>
						<Record Type="UI.DataFieldForAnnotation">
							<PropertyValue Property="Target" AnnotationPath="@UI.DataPoint#Price"/>
						</Record>
					</Collection>
				</Annotation>
				<Annotation Term="UI.DataPoint" Qualifier="Price">
					<Record Type="UI.DataPointType">
						<PropertyValue Property="Title" String="Cost Price"/>
						<PropertyValue Property="Value" Path="Price"/>
						<PropertyValue Property="Description" Path="Name"/>
						<PropertyValue Property="ValueFormat">
							<Record Type="UI.NumberFormat">
								<PropertyValue Property="NumberOfFractionalDigits" Int="1"/>
							</Record>
						</PropertyValue>
						<PropertyValue Property="CriticalityCalculation">
							<Record Type="UI.CriticalityCalculationType">
								<PropertyValue Property="ImprovementDirection" EnumMember="UI.ImprovementDirectionType/Minimize"/>
								<PropertyValue Property="DeviationRangeHighValue" String="2000"/>
								<PropertyValue Property="ToleranceRangeHighValue" String="400"/>
							</Record>
						</PropertyValue>
					</Record>
				</Annotation>
			</Annotations>
			<Annotations Target="GWSAMPLE_BASIC.SalesOrder">
				<Annotation Term="UI.PresentationVariant">
					<Annotation Term="Common.Label" String="Customer Name in Descending Order"/>
					<Record Type="UI.PresentationVariantType">
						<PropertyValue Property="SortOrder">
							<Collection>
								<Record Type="Common.SortOrderType">
									<PropertyValue Property="Property" PropertyPath="CustomerName"/>
									<PropertyValue Property="Descending" Bool="true"/>
								</Record>
							</Collection>
						</PropertyValue>
					</Record>
				</Annotation>
				<Annotation Term="UI.SelectionVariant" Qualifier="GrossAmount">
					<Annotation Term="Common.Label" String="Gross Amount is greater than 10000"/>
					<Record Type="UI.SelectionVariantType">
						<PropertyValue Property="SelectOptions">
							<Collection>
								<Record Type="UI.SelectOptionType">
									<PropertyValue Property="PropertyName" PropertyPath="GrossAmount"/>
									<PropertyValue Property="Ranges">
										<Collection>
											<Record Type="UI.SelectionRangeType">
												<PropertyValue Property="Sign" EnumMember="UI.SelectionRangeSignType/I"/>
												<PropertyValue Property="Option" EnumMember="UI.SelectionRangeOptionType/GT"/>
												<PropertyValue Property="Low" String="10000"/>
											</Record>
										</Collection>
									</PropertyValue>
								</Record>
							</Collection>
						</PropertyValue>
					</Record>
				</Annotation>
				<Annotation Term="UI.DataPoint" Qualifier="SalesOrderAmount">
					<Record Type="UI.DataPointType">
						<PropertyValue Property="Title" String="Sales Order Amount"/>
						<PropertyValue Property="Value" Path="GrossAmount"/>
						<PropertyValue Property="CriticalityCalculation">
							<Record Type="UI.CriticalityCalculationType">
								<PropertyValue Property="ImprovementDirection" EnumMember="UI.ImprovementDirectionType/Maximize"/>
								<PropertyValue Property="ToleranceRangeLowValue" Int="3000"/>
								<PropertyValue Property="DeviationRangeLowValue" Int="4000"/>
							</Record>
						</PropertyValue>
						<PropertyValue Property="ValueFormat">
							<Record Type="UI.NumberFormat">
								<PropertyValue Property="NumberOfFractionalDigits" Int="1"/>
							</Record>
						</PropertyValue>
						<PropertyValue Property="TrendCalculation">
							<Record Type="UI.TrendCalculationType">
								<PropertyValue Property="ReferenceValue" String="8000"/>
								<PropertyValue Property="UpDifference" Decimal="100"/>
								<PropertyValue Property="StrongUpDifference" Decimal="0"/>
								<PropertyValue Property="DownDifference" Decimal="100"/>
								<PropertyValue Property="StrongDownDifference" Decimal="0"/>
							</Record>
						</PropertyValue>
					</Record>
				</Annotation>
				<Annotation Term="UI.LineItem" Qualifier="MonitorSalesOrders">
					<Collection>
						<Record Type="UI.DataField">
							<PropertyValue Property="Value" Path="CustomerName"/>
							<PropertyValue Property="Label" String="Customer"/>
						</Record>
						<Record Type="UI.DataFieldForAnnotation">
							<PropertyValue Property="Target" AnnotationPath="@UI.DataPoint#TaxAmount"/>
							<PropertyValue Property="Label" String="Tax Amount"/>
						</Record>
						<Record Type="UI.DataFieldForAnnotation">
							<PropertyValue Property="Target" AnnotationPath="ToBusinessPartner/@Communication.Contact"/>
							<PropertyValue Property="Label" String="Contact Details"/>
						</Record>
					</Collection>
				</Annotation>
				<Annotation Term="UI.DataPoint" Qualifier="TaxAmount">
					<Record Type="UI.DataPointType">
						<PropertyValue Property="Title" String="Tax Amount"/>
						<PropertyValue Property="Value" Path="TaxAmount"/>
						<PropertyValue Property="CriticalityCalculation">
							<Record Type="UI.CriticalityCalculationType">
								<PropertyValue Property="ImprovementDirection" EnumMember="UI.ImprovementDirectionType/Minimize"/>
								<PropertyValue Property="ToleranceRangeHighValue" Int="80"/>
								<PropertyValue Property="DeviationRangeHighValue" Int="90"/>
							</Record>
						</PropertyValue>
					</Record>
				</Annotation>
				<Annotation Term="UI.LineItem" Qualifier="RecentSalesOrders">
					<Collection>
						<Record Type="UI.DataField">
							<PropertyValue Property="Value" Path="SalesOrderID"/>
							<PropertyValue Property="Label" String="Order ID"/>
						</Record>
						<Record Type="UI.DataFieldForAnnotation">
							<PropertyValue Property="Target" AnnotationPath="ToBusinessPartner/@Communication.Contact"/>
							<PropertyValue Property="Label" String="Created By"/>
						</Record>
						<Record Type="UI.DataFieldForAnnotation">
							<PropertyValue Property="Target" AnnotationPath="@UI.DataPoint#StatusWithCriticality"/>
							<PropertyValue Property="Label" String="Status"/>
						</Record>
						<Record Type="UI.DataField">
							<PropertyValue Property="Value" Path="CreatedAt"/>
							<PropertyValue Property="Label" String="Creation Date"/>
						</Record>
						<Record Type="UI.DataFieldForAnnotation">
							<PropertyValue Property="Target" AnnotationPath="@UI.DataPoint#GrossAmount"/>
							<PropertyValue Property="Label" String="Gross Amount"/>
						</Record>
					</Collection>
				</Annotation>
				<Annotation Term="UI.DataPoint" Qualifier="StatusWithCriticality">
					<Record Type="UI.DataPointType">
						<PropertyValue Property="Title" String="Status"/>
						<PropertyValue Property="Value" Path="LifecycleStatus"/>
						<PropertyValue Property="Criticality" Path="LifecycleStatus"/>
					</Record>
				</Annotation>
				<Annotation Term="UI.DataPoint" Qualifier="GrossAmount">
					<Record Type="UI.DataPointType">
						<PropertyValue Property="Title" String="Gross Amount"/>
						<PropertyValue Property="Value" Path="GrossAmount"/>
					</Record>
				</Annotation>
			</Annotations>
			<Annotations Target="GWSAMPLE_BASIC.SalesOrder/LifecycleStatus">
				<Annotation Term="Common.Text" Path="LifecycleStatusDescription"/>
			</Annotations>
			<Annotations Target="GWSAMPLE_BASIC.BusinessPartner">
				<Annotation Term="Communication.Contact">
					<Record Type="Communication.ContactType">
						<PropertyValue Property="fn" Path="FullName"/>
						<PropertyValue Property="title" Path="Title"/>
						<PropertyValue Property="role" Path="BusinessPartnerRole"/>
						<PropertyValue Property="org" Path="CompanyName"/>
						<PropertyValue Property="tel">
							<Collection>
								<Record Type="Communication.PhoneNumberType">
									<PropertyValue Property="type" EnumMember="Communication.PhoneType/fax"/>
									<PropertyValue Property="uri" Path="FaxNumber"/>
								</Record>
								<Record Type="Communication.PhoneNumberType">
									<PropertyValue Property="uri" Path="PhoneNumber"/>
									<PropertyValue Property="type" EnumMember="Communication.PhoneType/work"/>
								</Record>
							</Collection>
						</PropertyValue>
						<PropertyValue Property="email">
							<Collection>
								<Record Type="Communication.EmailAddressType">
									<PropertyValue Property="address" Path="EmailAddress"/>
									<PropertyValue Property="type" EnumMember="Communication.ContactInformationType/work"/>
								</Record>
							</Collection>
						</PropertyValue>
					</Record>
				</Annotation>
			</Annotations>
			<Annotations Target="GWSAMPLE_BASIC.SalesOrder/GrossAmount">
				<Annotation Term="Measures.ISOCurrency" Path="CurrencyCode"/>
			</Annotations>
			<Annotations Target="GWSAMPLE_BASIC.SalesOrder/TaxAmount">
				<Annotation Term="Measures.ISOCurrency" Path="CurrencyCode"/>
			</Annotations>
			<Annotations Target="GWSAMPLE_BASIC.SalesShareType">
				<Annotation Term="UI.Chart" Qualifier="LineChart">
					<Record Type="UI.ChartDefinitionType">
						<PropertyValue Property="ChartType" EnumMember="UI.ChartType/Line"/>
						<PropertyValue Property="Measures">
							<Collection>
								<PropertyPath>TotalSales</PropertyPath>
							</Collection>
						</PropertyValue>
						<PropertyValue Property="MeasureAttributes">
							<Collection>
								<Record Type="UI.ChartMeasureAttributeType">
									<PropertyValue Property="Measure" PropertyPath="TotalSales"/>
									<PropertyValue Property="Role" EnumMember="UI.ChartMeasureRoleType/Axis1"/>
								</Record>
							</Collection>
						</PropertyValue>
						<PropertyValue Property="Dimensions">
							<Collection>
								<PropertyPath>CountryCode</PropertyPath>
							</Collection>
						</PropertyValue>
						<PropertyValue Property="DimensionAttributes">
							<Collection>
								<Record Type="UI.ChartDimensionAttributeType">
									<PropertyValue Property="Dimension" PropertyPath="CountryCode"/>
									<PropertyValue Property="Role" EnumMember="UI.ChartDimensionRoleType/Category"/>
								</Record>
							</Collection>
						</PropertyValue>
					</Record>
				</Annotation>
				<Annotation Term="UI.KPI" Qualifier="LineChart">
					<Record Type="UI.KPIType">
						<PropertyValue Property="SelectionVariant">
							<Record Type="UI.SelectionVariantType">
								<PropertyValue Property="SelectOptions">
									<Collection>
										<Record Type="UI.SelectOptionType">
											<PropertyValue Property="PropertyName" PropertyPath="TotalSales"/>
											<PropertyValue Property="Ranges">
												<Collection>
													<Record Type="UI.SelectionRangeType">
														<PropertyValue Property="Sign" EnumMember="UI.SelectionRangeSignType/I"/>
														<PropertyValue Property="Option" EnumMember="UI.SelectionRangeOptionType/GE"/>
														<PropertyValue Property="Low" String="0"/>
													</Record>
												</Collection>
											</PropertyValue>
										</Record>
									</Collection>
								</PropertyValue>
							</Record>
						</PropertyValue>
						<PropertyValue Property="DataPoint">
							<Record Type="UI.DataPointType">
								<PropertyValue Property="Title" String="Total Sales"/>
								<PropertyValue Property="Value" Path="TotalSales"/>
							</Record>
						</PropertyValue>
						<PropertyValue Property="Detail">
							<Record Type="UI.KPIDetailType">
								<PropertyValue Property="DefaultPresentationVariant">
									<Record Type="UI.PresentationVariantType">
										<PropertyValue Property="Visualizations">
											<Collection>
												<AnnotationPath>@UI.Chart#LineChart</AnnotationPath>
											</Collection>
										</PropertyValue>
									</Record>
								</PropertyValue>
							</Record>
						</PropertyValue>
					</Record>
				</Annotation>
				<Annotation Term="UI.Chart" Qualifier="ColumnChart">
					<Record Type="UI.ChartDefinitionType">
						<PropertyValue Property="ChartType" EnumMember="UI.ChartType/Column"/>
						<PropertyValue Property="Measures">
							<Collection>
								<PropertyPath>TotalSales</PropertyPath>
							</Collection>
						</PropertyValue>
						<PropertyValue Property="MeasureAttributes">
							<Collection>
								<Record Type="UI.ChartMeasureAttributeType">
									<PropertyValue Property="Measure" PropertyPath="TotalSales"/>
									<PropertyValue Property="Role" EnumMember="UI.ChartMeasureRoleType/Axis1"/>
								</Record>
							</Collection>
						</PropertyValue>
						<PropertyValue Property="Dimensions">
							<Collection>
								<PropertyPath>CountryCode</PropertyPath>
							</Collection>
						</PropertyValue>
						<PropertyValue Property="DimensionAttributes">
							<Collection>
								<Record Type="UI.ChartDimensionAttributeType">
									<PropertyValue Property="Dimension" PropertyPath="CountryCode"/>
									<PropertyValue Property="Role" EnumMember="UI.ChartDimensionRoleType/Category"/>
								</Record>
							</Collection>
						</PropertyValue>
					</Record>
				</Annotation>
				<Annotation Term="UI.KPI" Qualifier="ColumnChart">
					<Record Type="UI.KPIType">
						<PropertyValue Property="SelectionVariant">
							<Record Type="UI.SelectionVariantType">
								<PropertyValue Property="SelectOptions">
									<Collection>
										<Record Type="UI.SelectOptionType">
											<PropertyValue Property="PropertyName" PropertyPath="TotalSales"/>
											<PropertyValue Property="Ranges">
												<Collection>
													<Record Type="UI.SelectionRangeType">
														<PropertyValue Property="Sign" EnumMember="UI.SelectionRangeSignType/I"/>
														<PropertyValue Property="Option" EnumMember="UI.SelectionRangeOptionType/GE"/>
														<PropertyValue Property="Low" String="0"/>
													</Record>
												</Collection>
											</PropertyValue>
										</Record>
									</Collection>
								</PropertyValue>
							</Record>
						</PropertyValue>
						<PropertyValue Property="DataPoint">
							<Record Type="UI.DataPointType">
								<PropertyValue Property="Title" String="Total Sales"/>
								<PropertyValue Property="Value" Path="TotalSales"/>
							</Record>
						</PropertyValue>
						<PropertyValue Property="Detail">
							<Record Type="UI.KPIDetailType">
								<PropertyValue Property="DefaultPresentationVariant">
									<Record Type="UI.PresentationVariantType">
										<PropertyValue Property="Visualizations">
											<Collection>
												<AnnotationPath>@UI.Chart#ColumnChart</AnnotationPath>
											</Collection>
										</PropertyValue>
									</Record>
								</PropertyValue>
							</Record>
						</PropertyValue>
					</Record>
				</Annotation>
				<Annotation Term="UI.Chart" Qualifier="StackedColumnChart">
					<Record Type="UI.ChartDefinitionType">
						<PropertyValue Property="ChartType" EnumMember="UI.ChartType/ColumnStacked"/>
						<PropertyValue Property="Measures">
							<Collection>
								<PropertyPath>TotalSales</PropertyPath>
							</Collection>
						</PropertyValue>
						<PropertyValue Property="MeasureAttributes">
							<Collection>
								<Record Type="UI.ChartMeasureAttributeType">
									<PropertyValue Property="Measure" PropertyPath="TotalSales"/>
									<PropertyValue Property="Role" EnumMember="UI.ChartMeasureRoleType/Axis1"/>
								</Record>
							</Collection>
						</PropertyValue>
						<PropertyValue Property="Dimensions">
							<Collection>
								<PropertyPath>CountryCode</PropertyPath>
								<PropertyPath>Product</PropertyPath>
							</Collection>
						</PropertyValue>
						<PropertyValue Property="DimensionAttributes">
							<Collection>
								<Record Type="UI.ChartDimensionAttributeType">
									<PropertyValue Property="Dimension" PropertyPath="CountryCode"/>
									<PropertyValue Property="Role" EnumMember="UI.ChartDimensionRoleType/Category"/>
								</Record>
								<Record Type="UI.ChartDimensionAttributeType">
									<PropertyValue Property="Dimension" PropertyPath="Product"/>
									<PropertyValue Property="Role" EnumMember="UI.ChartDimensionRoleType/Series"/>
								</Record>
							</Collection>
						</PropertyValue>
					</Record>
				</Annotation>
				<Annotation Term="UI.KPI" Qualifier="StackedColumnChart">
					<Record Type="UI.KPIType">
						<PropertyValue Property="SelectionVariant">
							<Record Type="UI.SelectionVariantType">
								<PropertyValue Property="SelectOptions">
									<Collection>
										<Record Type="UI.SelectOptionType">
											<PropertyValue Property="PropertyName" PropertyPath="TotalSales"/>
											<PropertyValue Property="Ranges">
												<Collection>
													<Record Type="UI.SelectionRangeType">
														<PropertyValue Property="Sign" EnumMember="UI.SelectionRangeSignType/I"/>
														<PropertyValue Property="Option" EnumMember="UI.SelectionRangeOptionType/GE"/>
														<PropertyValue Property="Low" String="0"/>
													</Record>
												</Collection>
											</PropertyValue>
										</Record>
									</Collection>
								</PropertyValue>
							</Record>
						</PropertyValue>
						<PropertyValue Property="DataPoint">
							<Record Type="UI.DataPointType">
								<PropertyValue Property="Title" String="Total Sales"/>
								<PropertyValue Property="Value" Path="TotalSales"/>
							</Record>
						</PropertyValue>
						<PropertyValue Property="Detail">
							<Record Type="UI.KPIDetailType">
								<PropertyValue Property="DefaultPresentationVariant">
									<Record Type="UI.PresentationVariantType">
										<PropertyValue Property="Visualizations">
											<Collection>
												<AnnotationPath>@UI.Chart#StackedColumnChart</AnnotationPath>
											</Collection>
										</PropertyValue>
									</Record>
								</PropertyValue>
							</Record>
						</PropertyValue>
					</Record>
				</Annotation>
			</Annotations>
		</Schema>
	</edmx:DataServices>
</edmx:Edmx>