<edmx:Edmx xmlns:edmx="http://docs.oasis-open.org/odata/ns/edmx" Version="4.0">
	<edmx:Reference Uri="https://oasis-tcs.github.io/odata-vocabularies/vocabularies/Org.OData.Aggregation.V1.xml">
		<edmx:Include Alias="Aggregation" Namespace="Org.OData.Aggregation.V1"/>
	</edmx:Reference>
	<edmx:Reference Uri="https://oasis-tcs.github.io/odata-vocabularies/vocabularies/Org.OData.Authorization.V1.xml">
		<edmx:Include Alias="Auth" Namespace="Org.OData.Authorization.V1"/>
	</edmx:Reference>
	<edmx:Reference Uri="https://oasis-tcs.github.io/odata-vocabularies/vocabularies/Org.OData.Capabilities.V1.xml">
		<edmx:Include Alias="Capabilities" Namespace="Org.OData.Capabilities.V1"/>
	</edmx:Reference>
	<edmx:Reference Uri="https://wiki.scn.sap.com/wiki/download/attachments/448470974/Common.xml?api=v2">
		<edmx:Include Alias="Common" Namespace="com.sap.vocabularies.Common.v1"/>
	</edmx:Reference>
	<edmx:Reference Uri="https://wiki.scn.sap.com/wiki/download/attachments/448470971/Communication.xml?api=v2">
		<edmx:Include Alias="Communication" Namespace="com.sap.vocabularies.Communication.v1"/>
	</edmx:Reference>
	<edmx:Reference Uri="https://oasis-tcs.github.io/odata-vocabularies/vocabularies/Org.OData.Core.V1.xml">
		<edmx:Include Alias="Core" Namespace="Org.OData.Core.V1"/>
	</edmx:Reference>
	<edmx:Reference Uri="https://oasis-tcs.github.io/odata-vocabularies/vocabularies/Org.OData.Measures.V1.xml">
		<edmx:Include Alias="Measures" Namespace="Org.OData.Measures.V1"/>
	</edmx:Reference>
	<edmx:Reference Uri="https://wiki.scn.sap.com/wiki/download/attachments/448470968/UI.xml?api=v2">
		<edmx:Include Alias="UI" Namespace="com.sap.vocabularies.UI.v1"/>
	</edmx:Reference>
	<edmx:Reference Uri="https://oasis-tcs.github.io/odata-vocabularies/vocabularies/Org.OData.Validation.V1.xml">
		<edmx:Include Alias="Validation" Namespace="Org.OData.Validation.V1"/>
	</edmx:Reference>
	<edmx:DataServices>
		<Schema xmlns="http://docs.oasis-open.org/odata/ns/edm">
			<Annotations Target="GWSAMPLE_BASIC.GlobalFilters">
				<Annotation Term="UI.SelectionFields">
					<Collection>
						<PropertyPath>CountryCode</PropertyPath>
						<PropertyPath>SupplierName</PropertyPath>
					</Collection>
				</Annotation>
			</Annotations>
			<Annotations Target="GWSAMPLE_BASIC.GlobalFilters/CountryCode">
				<Annotation Term="Common.ValueList">
					<Record Type="Common.ValueListType">
						<PropertyValue Property="CollectionPath" String="VH_CountrySet"/>
						<PropertyValue Property="Parameters">
							<Collection>
								<Record Type="Common.ValueListParameterInOut">
									<PropertyValue Property="LocalDataProperty" PropertyPath="CountryCode"/>
									<PropertyValue Property="ValueListProperty" String="CountryCode"/>
								</Record>
								<Record Type="Common.ValueListParameterDisplayOnly">
									<PropertyValue Property="ValueListProperty" String="CountryName"/>
								</Record>
							</Collection>
						</PropertyValue>
						<PropertyValue Property="SearchSupported" Bool="true"/>
					</Record>
				</Annotation>
			</Annotations>
			<Annotations Target="GWSAMPLE_BASIC.VH_Country/CountryCode">
				<Annotation Term="Common.Text" Path="CountryName">
					<Annotation Term="UI.TextArrangement" EnumMember="UI.TextArrangementType/TextFirst"/>
				</Annotation>
			</Annotations>
			<Annotations Target="GWSAMPLE_BASIC.SalesShareType">
				<Annotation Term="UI.Chart" Qualifier="ScatterChart">
					<Record Type="UI.ChartDefinitionType">
						<PropertyValue Property="ChartType" EnumMember="UI.ChartType/Scatter"/>
						<PropertyValue Property="Measures">
							<Collection>
								<PropertyPath>Revenue</PropertyPath>
								<PropertyPath>MarketingSpend</PropertyPath>
							</Collection>
						</PropertyValue>
						<PropertyValue Property="MeasureAttributes">
							<Collection>
								<Record Type="UI.ChartMeasureAttributeType">
									<PropertyValue Property="Measure" PropertyPath="Revenue"/>
									<PropertyValue Property="Role" EnumMember="UI.ChartMeasureRoleType/Axis2"/>
								</Record>
								<Record Type="UI.ChartMeasureAttributeType">
									<PropertyValue Property="Measure" PropertyPath="MarketingSpend"/>
									<PropertyValue Property="Role" EnumMember="UI.ChartMeasureRoleType/Axis1"/>
								</Record>
							</Collection>
						</PropertyValue>
						<PropertyValue Property="Dimensions">
							<Collection>
								<PropertyPath>Campaign</PropertyPath>
							</Collection>
						</PropertyValue>
						<PropertyValue Property="DimensionAttributes">
							<Collection>
								<Record Type="UI.ChartDimensionAttributeType">
									<PropertyValue Property="Dimension" PropertyPath="Campaign"/>
									<PropertyValue Property="Role" EnumMember="UI.ChartDimensionRoleType/Series"/>
								</Record>
							</Collection>
						</PropertyValue>
					</Record>
				</Annotation>
				<Annotation Term="UI.KPI" Qualifier="ScatterChart">
					<Record Type="UI.KPIType">
						<PropertyValue Property="SelectionVariant">
							<Record Type="UI.SelectionVariantType">
								<PropertyValue Property="SelectOptions">
									<Collection>
										<Record Type="UI.SelectOptionType">
											<PropertyValue Property="PropertyName" PropertyPath="TotalSales"/>
											<PropertyValue Property="Ranges">
												<Collection>
													<Record Type="UI.SelectionRangeType">
														<PropertyValue Property="Sign" EnumMember="UI.SelectionRangeSignType/I"/>
														<PropertyValue Property="Option" EnumMember="UI.SelectionRangeOptionType/GE"/>
														<PropertyValue Property="Low" String="0"/>
													</Record>
												</Collection>
											</PropertyValue>
										</Record>
									</Collection>
								</PropertyValue>
							</Record>
						</PropertyValue>
						<PropertyValue Property="DataPoint">
							<Record Type="UI.DataPointType">
								<PropertyValue Property="Title" String="Total Sales"/>
								<PropertyValue Property="Value" Path="TotalSales"/>
							</Record>
						</PropertyValue>
						<PropertyValue Property="Detail">
							<Record Type="UI.KPIDetailType">
								<PropertyValue Property="DefaultPresentationVariant">
									<Record Type="UI.PresentationVariantType">
										<PropertyValue Property="Visualizations">
											<Collection>
												<AnnotationPath>@UI.Chart#ScatterChart</AnnotationPath>
											</Collection>
										</PropertyValue>
									</Record>
								</PropertyValue>
							</Record>
						</PropertyValue>
					</Record>
				</Annotation>
				<Annotation Term="UI.Chart" Qualifier="BubbleChart">
					<Record Type="UI.ChartDefinitionType">
						<PropertyValue Property="ChartType" EnumMember="UI.ChartType/Bubble"/>
						<PropertyValue Property="Measures">
							<Collection>
								<PropertyPath>Revenue</PropertyPath>
								<PropertyPath>MarketingSpend</PropertyPath>
								<PropertyPath>TotalSales</PropertyPath>
							</Collection>
						</PropertyValue>
						<PropertyValue Property="MeasureAttributes">
							<Collection>
								<Record Type="UI.ChartMeasureAttributeType">
									<PropertyValue Property="Measure" PropertyPath="Revenue"/>
									<PropertyValue Property="Role" EnumMember="UI.ChartMeasureRoleType/Axis1"/>
								</Record>
								<Record Type="UI.ChartMeasureAttributeType">
									<PropertyValue Property="Measure" PropertyPath="MarketingSpend"/>
									<PropertyValue Property="Role" EnumMember="UI.ChartMeasureRoleType/Axis2"/>
								</Record>
								<Record Type="UI.ChartMeasureAttributeType">
									<PropertyValue Property="Measure" PropertyPath="TotalSales"/>
									<PropertyValue Property="Role" EnumMember="UI.ChartMeasureRoleType/Axis3"/>
								</Record>
							</Collection>
						</PropertyValue>
						<PropertyValue Property="Dimensions">
							<Collection>
								<PropertyPath>Campaign</PropertyPath>
							</Collection>
						</PropertyValue>
						<PropertyValue Property="DimensionAttributes">
							<Collection>
								<Record Type="UI.ChartDimensionAttributeType">
									<PropertyValue Property="Dimension" PropertyPath="Campaign"/>
									<PropertyValue Property="Role" EnumMember="UI.ChartDimensionRoleType/Series"/>
								</Record>
							</Collection>
						</PropertyValue>
					</Record>
				</Annotation>
				<Annotation Term="UI.KPI" Qualifier="BubbleChart">
					<Record Type="UI.KPIType">
						<PropertyValue Property="SelectionVariant">
							<Record Type="UI.SelectionVariantType">
								<PropertyValue Property="SelectOptions">
									<Collection>
										<Record Type="UI.SelectOptionType">
											<PropertyValue Property="PropertyName" PropertyPath="TotalSales"/>
											<PropertyValue Property="Ranges">
												<Collection>
													<Record Type="UI.SelectionRangeType">
														<PropertyValue Property="Sign" EnumMember="UI.SelectionRangeSignType/I"/>
														<PropertyValue Property="Option" EnumMember="UI.SelectionRangeOptionType/GE"/>
														<PropertyValue Property="Low" String="0"/>
													</Record>
												</Collection>
											</PropertyValue>
										</Record>
									</Collection>
								</PropertyValue>
							</Record>
						</PropertyValue>
						<PropertyValue Property="DataPoint">
							<Record Type="UI.DataPointType">
								<PropertyValue Property="Title" String="Total Sales"/>
								<PropertyValue Property="Value" Path="TotalSales"/>
							</Record>
						</PropertyValue>
						<PropertyValue Property="Detail">
							<Record Type="UI.KPIDetailType">
								<PropertyValue Property="DefaultPresentationVariant">
									<Record Type="UI.PresentationVariantType">
										<PropertyValue Property="Visualizations">
											<Collection>
												<AnnotationPath>@UI.Chart#BubbleChart</AnnotationPath>
											</Collection>
										</PropertyValue>
									</Record>
								</PropertyValue>
							</Record>
						</PropertyValue>
					</Record>
				</Annotation>
				<Annotation Term="UI.Chart" Qualifier="DualCombination">
					<Record Type="UI.ChartDefinitionType">
						<PropertyValue Property="ChartType" EnumMember="UI.ChartType/CombinationDual"/>
						<PropertyValue Property="Measures">
							<Collection>
								<PropertyPath>TotalSales</PropertyPath>
								<PropertyPath>MarketingSpend</PropertyPath>
								<PropertyPath>Revenue</PropertyPath>
							</Collection>
						</PropertyValue>
						<PropertyValue Property="MeasureAttributes">
							<Collection>
								<Record Type="UI.ChartMeasureAttributeType">
									<PropertyValue Property="Measure" PropertyPath="TotalSales"/>
									<PropertyValue Property="Role" EnumMember="UI.ChartMeasureRoleType/Axis1"/>
								</Record>
								<Record Type="UI.ChartMeasureAttributeType">
									<PropertyValue Property="Measure" PropertyPath="MarketingSpend"/>
									<PropertyValue Property="Role" EnumMember="UI.ChartMeasureRoleType/Axis2"/>
								</Record>
								<Record Type="UI.ChartMeasureAttributeType">
									<PropertyValue Property="Measure" PropertyPath="Revenue"/>
									<PropertyValue Property="Role" EnumMember="UI.ChartMeasureRoleType/Axis1"/>
								</Record>
							</Collection>
						</PropertyValue>
						<PropertyValue Property="Dimensions">
							<Collection>
								<PropertyPath>Campaign</PropertyPath>
							</Collection>
						</PropertyValue>
						<PropertyValue Property="DimensionAttributes">
							<Collection>
								<Record Type="UI.ChartDimensionAttributeType">
									<PropertyValue Property="Dimension" PropertyPath="Campaign"/>
									<PropertyValue Property="Role" EnumMember="UI.ChartDimensionRoleType/Category"/>
								</Record>
							</Collection>
						</PropertyValue>
					</Record>
				</Annotation>
				<Annotation Term="UI.KPI" Qualifier="DualCombinationChart">
					<Record Type="UI.KPIType">
						<PropertyValue Property="SelectionVariant">
							<Record Type="UI.SelectionVariantType">
								<PropertyValue Property="SelectOptions">
									<Collection>
										<Record Type="UI.SelectOptionType">
											<PropertyValue Property="PropertyName" PropertyPath="TotalSales"/>
											<PropertyValue Property="Ranges">
												<Collection>
													<Record Type="UI.SelectionRangeType">
														<PropertyValue Property="Sign" EnumMember="UI.SelectionRangeSignType/I"/>
														<PropertyValue Property="Option" EnumMember="UI.SelectionRangeOptionType/GE"/>
														<PropertyValue Property="Low" String="0"/>
													</Record>
												</Collection>
											</PropertyValue>
										</Record>
									</Collection>
								</PropertyValue>
							</Record>
						</PropertyValue>
						<PropertyValue Property="DataPoint">
							<Record Type="UI.DataPointType">
								<PropertyValue Property="Title" String="Total Sales"/>
								<PropertyValue Property="Value" Path="TotalSales"/>
							</Record>
						</PropertyValue>
						<PropertyValue Property="Detail">
							<Record Type="UI.KPIDetailType">
								<PropertyValue Property="DefaultPresentationVariant">
									<Record Type="UI.PresentationVariantType">
										<PropertyValue Property="Visualizations">
											<Collection>
												<AnnotationPath>@UI.Chart#DualCombination</AnnotationPath>
											</Collection>
										</PropertyValue>
									</Record>
								</PropertyValue>
							</Record>
						</PropertyValue>
					</Record>
				</Annotation>
				<Annotation Term="UI.Chart" Qualifier="CombinationChart">
					<Record Type="UI.ChartDefinitionType">
						<PropertyValue Property="ChartType" EnumMember="UI.ChartType/Combination"/>
						<PropertyValue Property="Measures">
							<Collection>
								<PropertyPath>MarketingSpend</PropertyPath>
								<PropertyPath >Revenue</PropertyPath>
							</Collection>
						</PropertyValue>
						<PropertyValue Property="MeasureAttributes">
							<Collection>
								<Record Type="UI.ChartMeasureAttributeType">
									<PropertyValue Property="Measure" PropertyPath="Revenue"/>
									<PropertyValue Property="Role" EnumMember="UI.ChartMeasureRoleType/Axis1"/>
								</Record>
								<Record Type="UI.ChartMeasureAttributeType">
									<PropertyValue Property="Measure" PropertyPath="MarketingSpend"/>
									<PropertyValue Property="Role" EnumMember="UI.ChartMeasureRoleType/Axis2"/>
								</Record>
							</Collection>
						</PropertyValue>
						<PropertyValue Property="Dimensions">
							<Collection>
								<PropertyPath>Campaign</PropertyPath>
							</Collection>
						</PropertyValue>
						<PropertyValue Property="DimensionAttributes">
							<Collection>
								<Record Type="UI.ChartDimensionAttributeType">
									<PropertyValue Property="Dimension" PropertyPath="Campaign"/>
									<PropertyValue Property="Role" EnumMember="UI.ChartDimensionRoleType/Category"/>
								</Record>
							</Collection>
						</PropertyValue>
					</Record>
				</Annotation>
				<Annotation Term="UI.KPI" Qualifier="CombinationChart">
					<Record Type="UI.KPIType">
						<PropertyValue Property="SelectionVariant">
							<Record Type="UI.SelectionVariantType">
								<PropertyValue Property="SelectOptions">
									<Collection>
										<Record Type="UI.SelectOptionType">
											<PropertyValue Property="PropertyName" PropertyPath="TotalSales"/>
											<PropertyValue Property="Ranges">
												<Collection>
													<Record Type="UI.SelectionRangeType">
														<PropertyValue Property="Sign" EnumMember="UI.SelectionRangeSignType/I"/>
														<PropertyValue Property="Option" EnumMember="UI.SelectionRangeOptionType/GE"/>
														<PropertyValue Property="Low" String="0"/>
													</Record>
												</Collection>
											</PropertyValue>
										</Record>
									</Collection>
								</PropertyValue>
							</Record>
						</PropertyValue>
						<PropertyValue Property="DataPoint">
							<Record Type="UI.DataPointType">
								<PropertyValue Property="Title" String="Total Sales"/>
								<PropertyValue Property="Value" Path="TotalSales"/>
							</Record>
						</PropertyValue>
						<PropertyValue Property="Detail">
							<Record Type="UI.KPIDetailType">
								<PropertyValue Property="DefaultPresentationVariant">
									<Record Type="UI.PresentationVariantType">
										<PropertyValue Property="Visualizations">
											<Collection>
												<AnnotationPath>@UI.Chart#CombinationChart</AnnotationPath>
											</Collection>
										</PropertyValue>
									</Record>
								</PropertyValue>
							</Record>
						</PropertyValue>
					</Record>
				</Annotation>
			</Annotations>
		</Schema>
	</edmx:DataServices>
</edmx:Edmx>